Chr	POS	Ref	Alt	HGVS
chr10	104032447	A	C	NM_000494.4:c.4439-157T>G NP_000485.3:p.?
chr10	104032447	A	C	-
chr10	104033415	T	G	NM_000494.4:c.4157-40A>C NP_000485.3:p.?
chr10	104033415	T	G	-
chr10	104033611	G	A	NM_000494.4:c.4157-236C>T NP_000485.3:p.?
chr10	104033611	G	A	-
chr10	104033701	C	T	NM_000494.4:c.4156+244G>A NP_000485.3:p.?
chr10	104033701	C	T	-
chr10	104036641	G	C	NM_000494.4:c.3278-9C>G NP_000485.3:p.?
chr10	104036691	A	G	NM_000494.4:c.3278-59T>C NP_000485.3:p.?
chr10	104036980	A	C	NM_000494.4:c.3277+65T>G NP_000485.3:p.?
chr10	104037061	A	G	NM_000494.4:c.3261T>C NP_000485.3:p.Ile1087=
chr10	104037417	C	A	NM_000494.4:c.3208+219G>T NP_000485.3:p.?
chr10	104037620	G	A	NM_000494.4:c.3208+16C>T NP_000485.3:p.?
chr10	104037935	A	-	NM_000494.4:c.3071-163del NP_000485.3:p.?
chr10	104039114	T	C	NM_000494.4:c.2904A>G NP_000485.3:p.Pro968=
chr10	104039458	G	T	NM_000494.4:c.2883C>A NP_000485.3:p.Pro961=
chr10	104039841	C	A	NM_000494.4:c.2788+132G>T NP_000485.3:p.?
chr10	104041495	G	A	NM_000494.4:c.2595C>T NP_000485.3:p.Arg865=
chr10	104043322	A	G	NM_000494.4:c.2515+179T>C NP_000485.3:p.?
chr10	104043322	A	G	-
chr10	104045497	T	C	NM_000494.4:c.2398+261A>G NP_000485.3:p.?
chr10	104045497	T	C	-
chr10	104045552	G	A	NM_000494.4:c.2398+206C>T NP_000485.3:p.?
chr10	104045552	G	A	-
chr10	104045678	G	A	NM_000494.4:c.2398+80C>T NP_000485.3:p.?
chr10	104045678	G	A	-
chr10	104045739	C	T	NM_000494.4:c.2398+19G>A NP_000485.3:p.?
chr10	104045739	C	T	-
chr10	104046552	C	A	NM_000494.4:c.2362+195G>T NP_000485.3:p.?
chr10	104046552	C	A	-
chr10	104050642	T	C	NM_000494.4:c.2107A>G NP_000485.3:p.Met703Val
chr10	104050642	T	C	-
chr10	104051121	C	A	NM_000494.4:c.2039-220G>T NP_000485.3:p.?
chr10	104051121	C	A	-
chr10	104051910	G	A	NM_000494.4:c.2002+245C>T NP_000485.3:p.?
chr10	104051910	G	A	-
chr10	104053174	G	A	NM_000494.4:c.1835-39C>T NP_000485.3:p.?
chr10	104053174	G	A	-
chr10	104054701	A	C	NM_000494.4:c.1744+280T>G NP_000485.3:p.?
chr10	104055068	C	A	NM_000494.4:c.1718-61G>T NP_000485.3:p.?
chr10	104055179	C	T	NM_000494.4:c.1718-172G>A NP_000485.3:p.?
chr10	104055483	A	C	NM_000494.4:c.1688-82T>G NP_000485.3:p.?
chr10	104055566	A	G	NM_000494.4:c.1688-165T>C NP_000485.3:p.?
chr10	104055696	G	A	NM_000494.4:c.1687+86C>T NP_000485.3:p.?
chr10	104056927	T	C	NM_000494.4:c.1465+48A>G NP_000485.3:p.?
chr10	104057158	C	T	NM_000494.4:c.1282G>A NP_000485.3:p.Gly428Ser
chr10	104057285	C	T	NM_000494.4:c.1268-113G>A NP_000485.3:p.?
chr10	104059440	A	G	NM_000494.4:c.1222+198T>C NP_000485.3:p.?
chr10	104060198	G	A	NM_000494.4:c.1062C>T NP_000485.3:p.Ala354=
chr10	104061378	A	T	NM_000494.4:c.979+27T>A NP_000485.3:p.?
chr10	104061536	A	G	NM_000494.4:c.911-63T>C NP_000485.3:p.?
chr10	104062078	C	T	NM_000494.4:c.910+180G>A NP_000485.3:p.?
chr10	104064575	G	A	NM_000494.4:c.629C>T NP_000485.3:p.Thr210Met
chr10	104070188	T	C	NM_000494.4:c.607+238A>G NP_000485.3:p.?
chr10	104077242	A	G	NM_000494.4:c.202+180T>C NP_000485.3:p.?
chr10	11661428	T	C	-
chr10	121479454	T	C	NM_000141.5:c.*403A>G NP_000132.3:p.?
chr10	121479598	G	A	NM_001144915.2:c.2107C>T NP_001138387.1:p.Leu703=
chr10	121481982	T	C	NM_001144913.1:c.*190A>G NP_001138385.1:p.?
chr10	121483683	G	A	NM_000141.5:c.2301+15C>T NP_000132.3:p.?
chr10	121487098	G	A	NM_000141.5:c.2057+256C>T NP_000132.3:p.?
chr10	121487218	TTCTAAGGCCAGCTCCTGCACC	-	NM_000141.5:c.2057+114_2057+135del NP_000132.3:p.?
chr10	121487523	C	T	NM_000141.5:c.1987-99G>A NP_000132.3:p.?
chr10	121487530	T	C	NM_000141.5:c.1987-106A>G NP_000132.3:p.?
chr10	121504102	C	T	NM_000141.5:c.1288-161G>A NP_000132.3:p.?
chr10	121520231	C	T	NM_000141.5:c.749-62G>A NP_000132.3:p.?
chr10	121520352	C	T	NM_000141.5:c.749-183G>A NP_000132.3:p.?
chr10	121538644	T	C	NM_000141.5:c.696A>G NP_000132.3:p.Val232=
chr10	13278111	T	-	NM_006214.4:c.*189del NP_006205.1:p.?
chr10	13278411	A	T	NM_006214.4:c.964-57T>A NP_006205.1:p.?
chr10	13278555	T	C	NM_006214.4:c.964-201A>G NP_006205.1:p.?
chr10	13291621	A	G	NM_006214.4:c.496+210T>C NP_006205.1:p.?
chr10	13292058	A	G	NM_006214.4:c.415-146T>C NP_006205.1:p.?
chr10	13294287	A	C	NM_006214.4:c.414+141T>G NP_006205.1:p.?
chr10	13295319	A	C	NM_006214.4:c.245+177T>G NP_006205.1:p.?
chr10	13295330	T	C	NM_006214.4:c.245+166A>G NP_006205.1:p.?
chr10	13295588	G	A	NM_006214.4:c.153C>T NP_006205.1:p.Asn51=
chr10	13295831	AAA	-	NM_006214.4:c.135-228_135-226del NP_006205.1:p.?
chr10	13298293	A	G	NM_006214.4:c.76-48T>C NP_006205.1:p.?
chr10	13298339	G	A	NM_006214.4:c.76-94C>T NP_006205.1:p.?
chr10	13298375	T	G	NM_006214.4:c.76-130A>C NP_006205.1:p.?
chr10	13299809	T	G	NM_006214.4:c.75+159A>C NP_006205.1:p.?
chr10	13299836	G	C	NM_006214.4:c.75+132C>G NP_006205.1:p.?
chr10	13299900	A	G	NM_006214.4:c.75+68T>C NP_006205.1:p.?
chr10	19490939	G	A	-
chr10	19490939	G	A	-
chr10	19490939	G	A	NM_001142308.3:c.5030-578G>A NP_001135780.2:p.?
chr10	19490944	G	A	-
chr10	19490944	G	A	-
chr10	19490944	G	A	NM_001142308.3:c.5030-573G>A NP_001135780.2:p.?
chr10	30439172	T	C	NM_005204.4:c.234T>C NP_005195.2:p.Tyr78=
chr10	30439321	A	G	NM_005204.4:c.336+47A>G NP_005195.2:p.?
chr10	30439535	T	C	NM_005204.4:c.336+261T>C NP_005195.2:p.?
chr10	30450129	A	G	NM_005204.4:c.505-129A>G NP_005195.2:p.?
chr10	30451450	G	A	NM_005204.4:c.767-188G>A NP_005195.2:p.?
chr10	30458265	C	G	NM_005204.4:c.1026+29C>G NP_005195.2:p.?
chr10	30458268	-	G	NM_005204.4:c.1026+41dup NP_005195.2:p.?
chr10	30458268	C	G	NM_005204.4:c.1026+32C>G NP_005195.2:p.?
chr10	30460966	G	A	NM_005204.4:c.*130G>A NP_005195.2:p.?
chr10	43199601	T	C	NM_145313.4:c.849+75A>G NP_660356.2:p.?
chr10	69023319	T	C	ENST00000411655.1:n.542T>C
chr10	69023319	T	C	ENST00000635971.2:c.789+17404T>C ENSP00000489878:p.?
chr10	70734120	T	C	NM_080722.4:c.1352+92T>C NP_542453.2:p.?
chr10	70736619	A	G	NM_080722.4:c.1486-61A>G NP_542453.2:p.?
chr10	74976464	T	C	NM_012330.4:c.1993+134T>C NP_036462.2:p.?
chr10	8514192	G	A	ENST00000451609.1:n.915C>T
chr10	88764699	G	A	NM_001102469.2:c.425+91G>A NP_001095939.1:p.?
chr10	88766035	C	T	NM_001102469.2:c.426-234C>T NP_001095939.1:p.?
chr10	88766622	C	T	NM_001102469.2:c.535+244C>T NP_001095939.1:p.?
chr10	88768742	C	T	NM_001102469.2:c.536-50C>T NP_001095939.1:p.?
chr10	88774328	A	T	NM_001102469.2:c.820-145A>T NP_001095939.1:p.?
chr10	88774941	G	A	NM_001102469.2:c.892-151G>A NP_001095939.1:p.?
chr10	88775030	T	G	NM_001102469.2:c.892-62T>G NP_001095939.1:p.?
chr10	88777975	C	T	NM_001102469.2:c.964-34C>T NP_001095939.1:p.?
chr10	88778263	A	G	NM_001102469.2:c.*21A>G NP_001095939.1:p.?
chr11	107403605	T	C	NM_152434.3:c.1618-10710A>G NP_689647.2:p.?
chr11	107403605	T	C	ENST00000417747.1:n.985A>G
chr11	107404309	C	A	NM_152434.3:c.1618-11414G>T NP_689647.2:p.?
chr11	107404309	C	A	ENST00000417747.1:n.281G>T
chr11	107404417	A	G	NM_152434.3:c.1618-11522T>C NP_689647.2:p.?
chr11	107404417	A	G	ENST00000417747.1:n.173T>C
chr11	107404525	G	A	NM_152434.3:c.1618-11630C>T NP_689647.2:p.?
chr11	107404525	G	A	ENST00000417747.1:n.65C>T
chr11	108509585	T	C	NM_015065.3:c.5922A>G NP_055880.2:p.Thr1974=
chr11	108518558	C	T	NM_015065.3:c.493-185G>A NP_055880.2:p.?
chr11	108593259	C	A	NM_015065.3:c.119+159G>T NP_055880.2:p.?
chr11	119273692	A	G	NM_005188.4:c.591-176A>G NP_005179.2:p.?
chr11	119275949	G	C	NM_005188.4:c.870-48G>C NP_005179.2:p.?
chr11	119277863	G	T	NM_005188.4:c.1095+19G>T NP_005179.2:p.?
chr11	130159881	T	C	NM_021978.4:c.-99T>C NP_068813.1:p.?
chr11	130159985	G	A	NM_021978.4:c.6G>A NP_068813.1:p.Gly2=
chr11	130190322	C	T	NM_021978.4:c.635-132C>T NP_068813.1:p.?
chr11	130190717	A	G	NM_021978.4:c.875+23A>G NP_068813.1:p.?
chr11	130194328	A	G	NM_021978.4:c.1015+40A>G NP_068813.1:p.?
chr11	130194752	G	A	NM_021978.4:c.1113+15G>A NP_068813.1:p.?
chr11	130196440	C	T	NM_021978.4:c.1215C>T NP_068813.1:p.Asn405=
chr11	130196477	G	A	NM_021978.4:c.1223+29G>A NP_068813.1:p.?
chr11	130196557	-	C	NM_021978.4:c.1224-6dup NP_068813.1:p.?
chr11	130196565	T	C	NM_021978.4:c.1224-5T>C NP_068813.1:p.?
chr11	130198092	A	C	NM_021978.4:c.1459+147A>C NP_068813.1:p.?
chr11	130198465	A	G	NM_021978.4:c.1571-43A>G NP_068813.1:p.?
chr11	130198596	G	C	NM_021978.4:c.1659G>C NP_068813.1:p.Gly553=
chr11	130198659	C	T	NM_021978.4:c.1684+38C>T NP_068813.1:p.?
chr11	130199250	C	T	NM_021978.4:c.1807+181C>T NP_068813.1:p.?
chr11	130199809	C	T	NM_021978.4:c.1808-142C>T NP_068813.1:p.?
chr11	130199895	T	G	NM_021978.4:c.1808-56T>G NP_068813.1:p.?
chr11	130209339	G	C	NM_021978.4:c.2270-103G>C NP_068813.1:p.?
chr11	1802846	A	G	-
chr11	1802886	T	C	-
chr11	1803023	G	A	ENST00000441772.1:n.1073C>T
chr11	1803230	G	A	ENST00000441772.1:n.866C>T
chr11	1803377	T	C	ENST00000441772.1:n.719A>G
chr11	43261931	T	C	NR_033868.1:n.1455A>G
chr11	43262919	G	A	NR_033868.1:n.467C>T
chr11	65188147	G	-	NM_005186.4:c.929+111del NP_005177.2:p.?
chr11	65728100	C	T	ENST00000534154.1:n.1162C>T
chr11	66332516	C	T	-
chr11	66332516	C	T	-
chr11	66332516	C	T	NM_004292.3:c.2112G>A NP_004283.2:p.Ala704=
chr11	66332681	T	C	-
chr11	66332681	T	C	-
chr11	66332681	T	C	NM_004292.3:c.1947A>G NP_004283.2:p.Glu649=
chr11	66332959	G	A	-
chr11	66332959	G	A	-
chr11	66332959	G	A	NM_004292.3:c.1876-207C>T NP_004283.2:p.?
chr11	66334503	C	T	ENST00000526655.1:n.10C>T
chr11	66334503	C	T	-
chr11	66334503	C	T	NM_004292.3:c.1285+11G>A NP_004283.2:p.?
chr11	66335575	C	T	ENST00000526655.1:n.289-756C>T
chr11	66335575	C	T	-
chr11	66335575	C	T	NM_004292.3:c.455+35G>A NP_004283.2:p.?
chr11	66336586	T	A	ENST00000526655.1:n.423+121T>A
chr11	66336586	T	A	-
chr11	66336586	T	A	NM_001363559.2:c.2+88A>T NP_001350488.1:p.?
chr11	88296417	T	C	NM_001814.6:c.758-153A>G NP_001805.4:p.?
chr11	88296449	T	C	NM_001814.6:c.758-185A>G NP_001805.4:p.?
chr11	88300353	T	C	NM_001814.6:c.757+177A>G NP_001805.4:p.?
chr11	88300493	A	G	NM_001814.6:c.757+37T>C NP_001805.4:p.?
chr11	88312415	A	G	NM_001814.6:c.458T>C NP_001805.4:p.Ile153Thr
chr11	88312647	-	T	NM_001814.6:c.319-94dup NP_001805.4:p.?
chr11	88326515	G	A	NM_001814.6:c.318+8422C>T NP_001805.4:p.?
chr11	88326526	-	AA	NM_001814.6:c.318+8409_318+8410dup NP_001805.4:p.?
chr11	88326571	T	C	NM_001814.6:c.318+8366A>G NP_001805.4:p.?
chr11	88326572	A	T	NM_001814.6:c.318+8365T>A NP_001805.4:p.?
chr11	88326713	T	A	NM_001814.6:c.318+8224A>T NP_001805.4:p.?
chr11	88326714	T	C	NM_001814.6:c.318+8223A>G NP_001805.4:p.?
chr11	88334836	T	A	-
chr11	88334836	T	A	NM_001814.6:c.318+101A>T NP_001805.4:p.?
chr11	88334884	G	T	-
chr11	88334884	G	T	NM_001814.6:c.318+53C>A NP_001805.4:p.?
chr11	88335161	T	A	-
chr11	88335161	T	A	NM_001814.6:c.173-79A>T NP_001805.4:p.?
chr11	88337395	C	T	-
chr11	88337395	C	T	NM_001814.6:c.172+106G>A NP_001805.4:p.?
chr11	88337690	A	G	-
chr11	88337690	A	G	NM_001814.6:c.-18T>C NP_001805.4:p.?
chr11	88337746	A	G	-
chr11	88337746	A	G	-
